CPU,Frequency (kHz),CoreMarks (iter/s),CoreMarks/MHz,Power (mW),Energy (J),ULPMark-CM (iter/mJ),Time (s)
1,652800,2119.739866,3.24715053002451,56.61576675689745,6.677842507578269,37.43724110239056,117.950226414
1,1036800,3366.867332,3.247364324845679,90.55644494416215,6.724911663774598,37.17520950448865,74.262098826
1,1401600,4550.915644,3.246943239155251,165.6878750690926,9.102813176923151,27.46403723123566,54.939525135
1,1689600,5486.546987,3.2472460860558714,233.95569863360004,10.66174387064292,23.448321684820648,45.571635711
1,1804800,5860.977611,3.2474388358820923,265.93824640850005,11.344816455783114,22.036495784165854,42.659589619
1,1958400,6359.866697,3.2474809523080066,325.2137877816923,12.785672013055386,19.553137273091806,39.314667746
1,2016000,6546.902006,3.2474712331349207,379.5187384408421,14.494278469425666,17.248185242704682,38.191206392
