{"version": 1, "total_elapsed_sec": 555.3939194250852, "housekeeping": {"elapsed_sec": 5.0, "elapsed_ns": 5000000000, "power_samples": [829.0631590290001, 829.0631590290001, 827.23951098, 827.779194124, 827.779194124, 832.281200637, 827.611660688, 827.611660688, 828.626923061, 829.712956704, 829.712956704, 830.218534305, 834.175212234, 834.175212234, 830.084129955, 828.2913907590001, 828.2913907590001, 831.708463595, 832.21364645, 832.21364645, 835.5959717439999, 830.49230568, 830.49230568, 829.81510092, 829.2089578169998, 829.2089578169998, 830.93001936, 831.4388753420001, 831.4388753420001], "power_mean": 830.2232611107241, "energy_millijoules": 4151.116305553621, "energy_joules": 4.151116305553621}, "cpus": {"1": {"freqs": {"652800": {"active": {"elapsed_sec": 117.950226414, "elapsed_ns": 117950226414, "power_samples": [442.992971484, 52.86333736999984, 52.86333736999984, 52.86333736999984, 56.30977820999999, 56.30977820999999, 56.30977820999999, 52.86333736999984, 52.86333736999984, 52.86333736999984, 56.810006875, 56.810006875, 56.810006875, 55.66254045000005, 55.66254045000005, 55.66254045000005, 55.66254045000005, 55.05480585200007, 55.05480585200007, 55.05480585200007, 51.00123660199995, 51.00123660199995, 51.00123660199995, 56.16629646900003, 56.16629646900003, 56.16629646900003, 50.354511090000074, 50.354511090000074, 50.354511090000074, 53.72867546899988, 53.72867546899988, 53.72867546899988, 53.153201311999965, 53.153201311999965, 53.153201311999965, 52.577727154999934, 52.577727154999934, 52.577727154999934, 53.11738890799995, 53.11738890799995, 53.11738890799995, 49.06510102000004, 49.06510102000004, 49.06510102000004, 55.95142610400001, 55.95142610400001, 55.95142610400001, 53.081810571999995, 53.081810571999995, 53.081810571999995, 49.02945202000001, 49.02945202000001, 49.02945202000001, 52.43503900500002, 52.43503900500002, 52.43503900500002, 54.73280165400013, 54.73280165400013, 54.73280165400013, 54.73280165400013, 54.73280165400013, 54.73280165400013, 50.10534135, 50.10534135, 50.10534135, 56.990827835999994, 56.990827835999994, 56.990827835999994, 50.10534135, 50.10534135, 50.10534135, 55.268516087999956, 55.268516087999956, 55.268516087999956, 52.32790593499999, 52.32790593499999, 52.32790593499999, 54.625388746, 54.625388746, 54.625388746, 52.90321668800004, 52.90321668800004, 52.90321668800004, 54.55385831600017, 54.55385831600017, 54.55385831600017, 53.407090036, 53.407090036, 53.407090036, 54.55385831600017, 54.55385831600017, 54.55385831600017, 52.83182594800007, 52.83182594800007, 52.83182594800007, 54.48232788600012, 54.48232788600012, 54.48232788600012, 51.613759953, 51.613759953, 51.613759953, 53.335652631000016, 53.335652631000016, 53.335652631000016, 55.629003141, 55.629003141, 55.629003141, 48.74519201999999, 48.74519201999999, 48.74519201999999, 48.74519201999999, 52.11363979500004, 52.11363979500004, 52.11363979500004, 53.263981005000005, 53.263981005000005, 53.263981005000005], "power_mean": 56.61576675689745, "energy_millijoules": 6677.842507578269, "energy_joules": 6.677842507578269, "coremark_score": 2119.739866, "coremarks_per_mhz": 3.24715053002451, "ulpmark_cm_score": 37.43724110239056}, "idle": {"elapsed_sec": 5.0, "elapsed_ns": 5000000000, "power_samples": [826.773993508, 826.773993508, 826.773993508, 1270.232482464], "power_mean": 937.638615747, "energy_millijoules": 4688.193078735, "energy_joules": 4.688193078735}}, "1036800": {"active": {"elapsed_sec": 74.262098826, "elapsed_ns": 74262098826, "power_samples": [9.533764719000033, 9.533764719000033, 9.533764719000033, 92.93126342400001, 92.93126342400001, 92.93126342400001, 96.86904111000001, 96.86904111000001, 96.86904111000001, 97.44010465400004, 97.44010465400004, 97.44010465400004, 94.00245239899994, 94.00245239899994, 94.00245239899994, 91.706927232, 91.706927232, 91.706927232, 92.85656831400001, 92.85656831400001, 92.85656831400001, 93.92741905699995, 93.92741905699995, 93.92741905699995, 91.02390833599998, 91.02390833599998, 91.02390833599998, 98.5143387679999, 98.5143387679999, 98.5143387679999, 90.986508404, 90.986508404, 90.986508404, 91.55747907599994, 91.55747907599994, 91.55747907599994, 96.14402638199999, 96.14402638199999, 96.14402638199999, 93.852630922, 93.852630922, 93.852630922, 91.55747907599994, 91.55747907599994, 91.55747907599994, 93.852630922, 93.852630922, 93.852630922, 95.57305571000006, 95.57305571000006, 95.57305571000006, 91.48287729600008, 91.48287729600008, 91.48287729600008, 89.76634827900011, 89.76634827900011, 89.76634827900011, 97.13958969199996, 97.13958969199996, 97.13958969199996, 93.70305465199999, 93.70305465199999, 93.70305465199999, 94.27393260400004, 94.27393260400004, 94.27393260400004, 97.13958969199996, 97.13958969199996, 97.13958969199996, 96.56871174000003, 96.56871174000003, 96.56871174000003, 91.98290924399987, 91.98290924399987], "power_mean": 90.55644494416215, "energy_millijoules": 6724.911663774597, "energy_joules": 6.724911663774598, "coremark_score": 3366.867332, "coremarks_per_mhz": 3.247364324845679, "ulpmark_cm_score": 37.17520950448865}, "idle": {"elapsed_sec": 5.0, "elapsed_ns": 5000000000, "power_samples": [832.756240407, 832.756240407, 831.609053362, 831.609053362], "power_mean": 832.1826468845, "energy_millijoules": 4160.9132344225, "energy_joules": 4.1609132344225}}, "1401600": {"active": {"elapsed_sec": 54.939525135, "elapsed_ns": 54939525135, "power_samples": [24.442415945000107, 166.7019820260001, 166.7019820260001, 166.7019820260001, 170.09490290399992, 170.09490290399992, 170.09490290399992, 170.0542345859999, 170.0542345859999, 170.0542345859999, 169.48018455300007, 169.48018455300007, 169.48018455300007, 168.25490530800005, 168.25490530800005, 168.25490530800005, 168.25490530800005, 165.3923917799999, 165.3923917799999, 165.3923917799999, 171.03625498100007, 171.03625498100007, 171.03625498100007, 163.59732594800005, 163.59732594800005, 163.59732594800005, 165.31169335499987, 165.31169335499987, 165.31169335499987, 168.1739741680001, 168.1739741680001, 168.1739741680001, 169.2371120580001, 169.2371120580001, 169.2371120580001, 166.94897399799993, 166.94897399799993, 166.94897399799993, 165.23099492999984, 165.23099492999984, 165.23099492999984, 170.30381463900005, 170.30381463900005, 170.30381463900005, 169.811022096, 169.811022096, 169.811022096, 173.16563002199996, 173.16563002199996, 173.16563002199996, 170.30381463900005, 170.30381463900005, 170.30381463900005, 165.15029650499991], "power_mean": 165.6878750690926, "energy_millijoules": 9102.813176923151, "energy_joules": 9.102813176923151, "coremark_score": 4550.915644, "coremarks_per_mhz": 3.246943239155251, "ulpmark_cm_score": 27.46403723123566}, "idle": {"elapsed_sec": 5.0, "elapsed_ns": 5000000000, "power_samples": [854.5497959500001, 854.5497959500001, 854.5497959500001, 851.6819269250001], "power_mean": 853.8328286937501, "energy_millijoules": 4269.164143468751, "energy_joules": 4.269164143468751}}, "1689600": {"active": {"elapsed_sec": 45.571635711, "elapsed_ns": 45571635711, "power_samples": [29.220553127999892, 29.220553127999892, 214.39010903999997, 214.39010903999997, 214.39010903999997, 213.16208388000018, 213.16208388000018, 213.16208388000018, 216.5956659120002, 216.5956659120002, 216.5956659120002, 213.16208388000018, 213.16208388000018, 213.16208388000018, 214.83633890700003, 214.83633890700003, 214.83633890700003, 213.0774296049999, 213.0774296049999, 213.0774296049999, 652.808245448, 652.808245448, 652.808245448, 211.31838243800007, 211.31838243800007, 211.31838243800007, 211.27598659699993, 211.27598659699993, 211.27598659699993, 209.56322325999986, 209.56322325999986, 209.56322325999986, 210.7063147649999, 210.7063147649999, 210.7063147649999, 214.09335456000008, 214.09335456000008, 214.09335456000008, 210.62184653999998, 210.62184653999998, 210.62184653999998, 212.90784350000013, 212.90784350000013, 212.90784350000013, 214.0086072600002], "power_mean": 233.95569863360004,