{"version": 1, "total_elapsed_sec": 2883.74125988991, "housekeeping": {"elapsed_sec": 5.0, "elapsed_ns": 5000000000, "power_samples": [1763.807823312, 1412.6604743999999, 1404.3998214750002, 1414.7245802, 1757.829253344, 1406.463927275, 1404.3188059109998, 1404.3998214750002, 1402.169693454, 1400.26738015, 1400.26738015, 1400.105825798, 1408.5280330750002, 1406.382792639, 1410.5921388750003, 1410.5921388750003, 1404.3188059109998, 1404.1567747830002, 1406.220523367, 1406.301658003, 1400.105825798, 1400.186602974, 1406.301658003, 1410.26631426, 1408.365525659, 1408.2842719510002, 1404.1567747830002, 1406.382792639, 1757.523956645], "power_mean": 1442.416599144276, "energy_millijoules": 7212.08299572138, "energy_joules": 7.21208299572138}, "cpus": {"1": {"freqs": {"1708800": {"active": {"elapsed_sec": 39.401813839, "elapsed_ns": 39401813839, "power_samples": [136.6061056389999, 136.42678982799998, 134.37779474199965, 136.6061056389999, 136.51626438399967, 128.1501920520002, 140.42668695200018, 134.46714998199968, 146.65500456199993, 136.51626438399967, 132.2437536619998, 140.60611235199985, 136.51626438399967, 136.33731527200007, 134.28843950200007, 136.33731527200007, 140.51639965200002, 134.10972902199978, 142.29170924799996, 134.37779474199965, 144.520248562, 130.28818491799984, 140.51639965200002, 136.51626438399967, 138.47159474, 140.42668695200018, 126.10550621199991, 136.24784071599993, 132.15451749399972, 140.3369742519999, 136.24784071599993, 132.06528132599988, 140.24726155200005, 136.24784071599993, 142.29170924799996, 140.24726155200005, 138.02362659999994, 138.11322022800005, 140.157548852], "power_mean": 137.015358972923, "energy_millijoules": 5398.65366733487, "energy_joules": 5.39865366733487, "coremark_score": 6345.338714, "coremarks_per_mhz": 3.713330239934457, "ulpmark_cm_score": 46.30784180742167}, "idle": {"elapsed_sec": 5.0, "elapsed_ns": 5000000000, "power_samples": [1423.03361054, 1412.793454724, 1423.03361054, 1414.844001896], "power_mean": 1418.426169425, "energy_millijoules": 7092.1308471249995, "energy_joules": 7.0921308471249995}}, "1785600": {"active": {"elapsed_sec": 37.708859673, "elapsed_ns": 37708859673, "power_samples": [140.24726155200005, 148.1583044539998, 144.07012446999988, 139.97775577699986, 150.20239444599997, 142.1120457039999, 140.0678361519997, 150.38338117000012, 146.02414430199997, 146.2046537619999, 145.93407414199964, 144.1604442099997, 146.2046537619999, 154.20421644700014, 142.0218457689998, 154.29476313899977, 143.98017338199998, 143.98017338199998, 146.11421446199984, 146.02414430199997, 139.88804307700002, 148.06811522199996, 146.02414430199997, 139.79833037699973, 154.20421644700014, 141.932013997, 143.98017338199998, 143.98017338199998, 145.7539338219999, 139.79833037699973, 146.02414430199997, 151.9793902869999, 145.7539338219999, 141.84218222499976, 147.79754752600002, 150.0217778379997, 145.93407414199964], "power_mean": 145.5985710625134, "energy_millijoules": 5490.356084785636, "energy_joules": 5.4903560847856365, "coremark_score": 6630.244523, "coremarks_per_mhz": 3.7131745760528676, "ulpmark_cm_score": 45.53438723087137}, "idle": {"elapsed_sec": 5.0, "elapsed_ns": 5000000000, "power_samples": [1424.7482775960002, 1418.606452616, 1422.7024000600002, 1422.7024000600002], "power_mean": 1422.189882583, "energy_millijoules": 7110.949412915001, "energy_joules": 7.110949412915001}}}}, "4": {"freqs": {"1401600": {"active": {"elapsed_sec": 22.908251242, "elapsed_ns": 22908251242, "power_samples": [306.4937912720002, 300.27692507799975, 310.46938404399975, 306.19462945999953, 310.2694665479996, 310.2694665479996, 298.0407802459997, 320.36435474799987, 318.3228804820001, 314.3484786739998, 312.31106012999976, 308.2320480039996, 310.06913938499974, 312.31106012999976, 310.1695077999998, 314.2482815379999, 314.1476737580001, 316.38589721799985, 314.1476737580001, 303.7542225239997, 303.9534251, 322.09922061899965], "power_mean": 310.76724395745435, "energy_millijoules": 7119.13410236127, "energy_joules": 7.11913410236127, "coremark_score": 10918.460934, "coremarks_per_mhz": 7.789997812500001, "ulpmark_cm_score": 35.1166302538226}, "idle": {"elapsed_sec": 5.0, "elapsed_ns": 5000000000, "power_samples": [1429.431203928, 1429.514602152, 1429.514602152, 1419.30545651], "power_mean": 1426.9414661855, "energy_millijoules": 7134.7073309275, "energy_joules": 7.1347073309275}}, "1708800": {"active": {"elapsed_sec": 18.77998593, "elapsed_ns": 18779985930, "power_samples": [61.14652088599996, 426.15828419800005, 414.04731403999995, 407.726367448, 422.0845195390002, 418.22353947199986, 413.83457067799986, 411.79989274199966, 417.9039265499996, 419.94277390799994, 411.6938576619998, 413.7284165259998, 421.7641904760003, 415.9759573839999, 423.9053800239999, 423.7986302680001, 417.79753425399963, 417.79753425399963], "power_mean": 397.74051168383323, "energy_millijoules": 7469.561213213388, "energy_joules": 7.469561213213388, "coremark_score": 13319.8359, "coremarks_per_mhz": 7.7948477879213485, "ulpmark_cm_score": 33.46916811629563}, "idle": {"elapsed_sec": 5.0, "elapsed_ns": 5000000000, "power_samples": [1434.4684963840002, 1432.5964449360001, 1430.469185392, 1420.350709176], "power_mean": 1429.471208972, "energy_millijoules": 7147.35604486, "energy_joules": 7.14735604486}}, "1804800": {"active": {"elapsed_sec": 17.781258952, "elapsed_ns": 17781258952, "power_samples": [444.0475937819997, 451.9722098720001, 454.1148292599996, 447.79586512399965, 455.82678565799984, 455.82678565799984, 459.78557927399993, 457.96985060199995, 459.78557927399993, 459.78557927399993, 455.82678565799984, 453.46316356499983, 463.7480638269999, 453.68023718899985, 457.534304002, 459.6766850020001, 453.57170037699984], "power_mean": 455.5536233763528, "energy_millijoules": 8100.31694377681, "energy_joules": 8.10031694377681, "coremark_score": 14068.655037, "coremarks_per_mhz": 7.795132445146277, "ulpmark_cm_score": 30.862989897212138}, "idle": {"elapsed_sec": 5.0, "elapsed_ns": 5000000000, "power_samples": [1424.26769408, 1424.26769408, 1420.1019440999999, 1430.385668096], "power_mean": 1424.755750089, "energy_millijoules": 7123.778750445, "energy_joules": 7.123778750445}}, "1920000": {"active": {"elapsed_sec": 16.778723015, "elapsed_ns": 16778723015, "power_samples": [502.0732214079999, 508.0653799449999, 501.8499723699997, 509.986178182, 501.73857612200004, 507.8414145219999, 511.7993699459996, 503.66411719799976, 505.69688900599976, 511.6873778499996, 499.59440806599946, 511.91136204200006, 505.5852543699998, 503.32957050599975, 511.46339365799963, 511.5753857540001], "power_mean": 506.7413669340623, "energy_millijoules": 8502.47303602911, "energy_joules": 8.50247303602911, "coremark_score": 14909.351145, "coremarks_per_mhz": 7.765287054687501, "ulpmark_cm_score": 29.403209976747764}, "idle": {"elapsed_sec": 5.0, "elapsed_ns": 5000000000, "power_samples": [1431.9270092670004, 1429.8842220360002, 1430.051256628, 1428.0124087319998], "power_mean": 1429.96872416575, "energy_millijoules": 7149.84362082875, "energy_joules": 7.14984362082875}}, "2016000": {"active": {"elapsed_sec": 15.92900515, "elapsed_ns": 15929005150, "power_samples": [551.9032911570002, 553.8251373400001, 552.018134662, 553.5961491959999, 561.727587735, 557.5450544680002, 563.7594064789998, 557.659786684, 559.6916054279998, 553.367161052, 565.4455989789999, 557.315590036, 553.25266698, 567.3658952740002, 555.3987416519999], "power_mean": 557.5914538081333, "energy_millijoules": 8881.877139305743, "energy_joules": 8.881877139305743, "coremark_score": 15706.477351, "coremarks_per_mhz": 7.790911384424603, "ulpmark_cm_score": 28.14720312822762}, "idle": {"elapsed_sec": 5.0, "elapsed_ns": 5000000000, "power_samples": [1427.5954176120001, 1433.7981076510002, 1433.7981076510002, 1431.8433726550002], "power_mean": 1431.7587513922501, "energy_millijoules": 7158.79375696125, "energy_joules": 7.15879375696125}}, "2323200": {"active": {"elapsed_sec": 13.832826609,