{"version": 1, "total_elapsed_sec": 834.9300175607204, "housekeeping": {"elapsed_sec": 5.0, "elapsed_ns": 5000000000, "power_samples": [1407.962693487, 1405.917411799, 1403.86793896, 1403.86793896, 1395.682621057, 1397.8092755250002, 1401.8226572719998, 1401.8226572719998, 1403.86793896, 1401.741046104, 1397.646529965, 1403.78620872, 1397.646529965, 1405.8355622430001, 1403.78620872, 1401.741046104, 1395.6013673490002, 1397.646529965, 1401.741046104, 1405.753712687, 1403.7044784799998, 1403.5406830399997, 1401.4958781279997, 1405.589678126, 1397.40207813, 1401.4958781279997, 1401.4958781279997, 1401.4958781279997, 1403.4589528000001], "power_mean": 1401.9043553208965, "energy_millijoules": 7009.5217766044825, "energy_joules": 7.009521776604482}, "cpus": {"1": {"freqs": {"633600": {"active": {"elapsed_sec": 145.814089736, "elapsed_ns": 145814089736, "power_samples": [45.80747696100002, 45.80747696100002, 45.7234828889998, 45.80747696100002, 45.80747696100002, 45.55515050699978, 41.63278291200004, 41.63278291200004, 45.55515050699978, 45.471156434999784, 45.471156434999784, 45.55515050699978, 45.55515050699978, 45.55515050699978, 47.598168362999786, 45.55515050699978, 45.55515050699978, 41.38117259899991, 47.51405521899983, 47.51405521899983, 41.21366123099983, 45.30316829099979, 45.30316829099979, 39.17100059099994, 49.38848957099981, 49.38848957099981, 47.177602643, 45.13518014700003, 45.13518014700003, 47.177602643, 47.34582893099969, 45.30316829099979, 45.30316829099979, 45.13518014700003, 39.00372736700001, 39.00372736700001, 45.05084183699955, 38.91974798199976, 38.91974798199976, 40.96205091799993, 40.87829523399978, 40.87829523399978, 45.13518014700003, 45.05084183699955, 45.05084183699955, 44.966847764999784, 44.88285369299979, 44.88285369299979, 44.88285369299979, 48.96698327699983, 48.96698327699983, 44.88285369299979, 44.966847764999784, 44.966847764999784, 44.88285369299979, 40.627028182000004, 40.627028182000004, 44.714865548999796, 44.714865548999796, 44.714865548999796, 46.756692196999666, 44.714865548999796, 38.58520153399991, 38.58520153399991, 46.756692196999666, 46.672579052999936, 46.672579052999936, 46.672579052999936, 44.546877404999805, 44.546877404999805, 40.4595168139997, 40.4595168139997, 40.4595168139997, 40.4595168139997, 40.375417868999875, 40.375417868999875, 40.4595168139997, 44.546877404999805, 44.546877404999805, 38.33394892499996, 44.546877404999805, 44.546877404999805, 44.29455095099979, 38.33394892499996, 38.33394892499996, 44.29455095099979, 48.37701255100001, 48.37701255100001, 44.29455095099979, 38.16667570100003, 38.16667570100003, 44.1265628069998, 46.083442318999914, 40.04039513299995, 40.04039513299995, 39.95663944900025, 40.04039513299995, 40.04039513299995, 37.999402476999876, 46.16755546299987, 46.16755546299987, 40.04039513299995, 46.083442318999914, 46.083442318999914, 39.95663944900025, 39.788784820000046, 39.788784820000046, 39.95663944900025, 44.04256873500003, 44.04256873500003, 39.95663944900025, 39.788784820000046, 39.788784820000046, 39.705029135999894, 43.87423635299979, 43.87423635299979, 43.87423635299979, 39.705029135999894, 39.705029135999894, 39.705029135999894, 47.78704182499973, 47.78704182499973, 43.70624820899957, 39.62127345199974, 47.702809608999814, 47.702809608999814, 45.83075816099995, 45.746645016999764, 45.746645016999764, 39.62127345199974, 43.70624820899957, 43.70624820899957, 37.58087664399977, 39.62127345199974, 39.62127345199974, 43.70624820899957, 39.62127345199974, 39.62127345199974, 43.70624820899957, 45.66253187299981, 45.66253187299981, 45.66253187299981, 39.537517767999816, 39.537517767999816, 45.494305584999665], "power_mean": 43.4198539858895, "energy_millijoules": 6331.2264854225095, "energy_joules": 6.331226485422509, "coremark_score": 2057.55672, "coremarks_per_mhz": 3.2474064393939392, "ulpmark_cm_score": 47.38418388455104}, "idle": {"elapsed_sec": 5.0, "elapsed_ns": 5000000000, "power_samples": [1407.470545782, 1405.5078285700001, 1405.5078285700001, 1403.4589528000001], "power_mean": 1405.4862889305, "energy_millijoules": 7027.4314446525, "energy_joules": 7.027431444652501}}, "902400": {"active": {"elapsed_sec": 102.379533867, "elapsed_ns": 102379533867, "power_samples": [55.698683953999534, 55.444210542999826, 55.444210542999826, 63.692303050999726, 63.60711777099982, 63.60711777099982, 63.60711777099982, 63.60711777099982, 63.60711777099982, 59.52775399500001, 65.48037014299985, 65.48037014299985, 59.35785972299982, 57.31841597899984, 57.31841597899984, 59.187965450999855, 59.35785972299982, 59.35785972299982, 57.148759850999795, 63.43674721100001, 63.43674721100001, 59.187965450999855, 63.43674721100001, 63.01047169099979, 58.93277589899981, 58.93277589899981, 63.01047169099979, 63.01047169099979, 62.92528641099966, 58.93277589899981, 58.93277589899981, 62.92528641099966, 64.8828883619999, 64.8828883619999, 58.847828762999825, 64.96819295799969, 64.96819295799969, 64.96819295799969, 62.84010113099998, 62.84010113099998, 62.84010113099998, 73.04150484899992, 73.04150484899992, 62.92528641099966, 62.75491585099985, 62.75491585099985, 64.79758376599966, 58.76288162700007, 58.76288162700007, 68.70347964599978, 62.75491585099985, 62.75491585099985, 62.58454529100004, 58.508040218999895, 62.58454529100004, 62.58454529100004, 64.62697457399986, 58.508040218999895, 58.508040218999895, 62.58454529100004, 64.45601577299976, 64.45601577299976, 62.499010891000125, 62.499010891000125, 62.499010891000125, 62.499010891000125, 56.384611963, 56.384611963, 58.25285066699985, 62.413825610999766, 62.413825610999766, 58.33779780299983, 62.413825610999766, 62.413825610999766, 62.413825610999766, 58.25285066699985, 58.25285066699985, 64.37071117699998, 54.17288498899961, 54.17288498899961, 62.32864033099986, 62.32864033099986, 62.32864033099986, 64.37071117699998, 62.32864033099986, 57.9980092589999, 57.9980092589999, 64.1147973889997, 55.96047164299989, 55.96047164299989, 64.1147973889997, 72.18334200699974, 72.18334200699974, 62.07308449099992, 55.96047164299989, 55.96047164299989, 64.1147973889997, 57.91306212299969, 57.91306212299969, 63.944188196999676, 61.987899210999785, 61.987899210999785], "power_mean": 61.63879591899004, "energy_millijoules": 6310.5511943093425, "energy_joules": 6.310551194309342, "coremark_score": 2930.488806, "coremarks_per_mhz": 3.24743883643617, "ulpmark_cm_score": 47.539428928257585}, "idle": {"elapsed_sec": 5.0, "elapsed_ns": 5000000000, "power_samples": [1395.2040125849999, 1395.2040125849999, 1393.1624240809997, 1399.2913731759998], "power_mean": 1395.7154556067499, "energy_millijoules": 6978.577278033749, "energy_joules": 6.978577278033749}}, "1113600": {"active": {"elapsed_sec": 82.96027476, "elapsed_ns": 82960274760,