CPU,Frequency (kHz),CoreMarks (iter/s),CoreMarks/MHz,Power (mW),Energy (J),ULPMark-CM (iter/mJ),Time (s)
1,652800,2116.850127,3.2427238465073533,52.523260880581226,6.203662555446254,40.29877475855334,118.112669538
1,1036800,3366.141997,3.246664734760803,89.2348740016892,6.628354847093704,37.716749595808984,74.279870076
1,1401600,4551.578487,3.247416157962329,164.7927488269074,9.05235956154409,27.61710892064441,54.931783261
1,1689600,5482.9371,3.2451095525568183,206.42427979895555,9.41327244551527,26.558245439831776,45.601575816
1,1804800,5860.84021,3.2473627050088654,288.18450796421433,12.2940603149672,20.335023059520996,42.660378942
1,1958400,6359.866697,3.2474809523080066,322.7849045403846,12.690095686752613,19.70040306795944,39.314402589
1,2016000,6546.730563,3.247386191964286,345.91752331300006,13.211102006179813,18.923478138542603,38.191479517
