{"version": 1, "total_elapsed_sec": 555.3715802021325, "housekeeping": {"elapsed_sec": 5.0, "elapsed_ns": 5000000000, "power_samples": [698.7780120240001, 698.7780120240001, 698.7780120240001, 696.3986729320001, 696.3986729320001, 692.781241172, 700.4793285000001, 700.4793285000001, 698.045406201, 696.91268556, 696.91268556, 692.1040640670001, 699.1781197759999, 699.1781197759999, 693.2411361759998, 695.561432521, 695.561432521, 691.995628637, 699.068567436, 699.068567436, 698.476908348, 692.482698124, 692.482698124, 694.2653206859999, 695.989507604, 695.989507604, 697.8266736209999, 695.3432654620001, 695.3432654620001], "power_mean": 696.4792748555172, "energy_millijoules": 3482.3963742775863, "energy_joules": 3.4823963742775863}, "cpus": {"1": {"freqs": {"652800": {"active": {"elapsed_sec": 118.112669538, "elapsed_ns": 118112669538, "power_samples": [4.4253878750000695, 52.94422601200006, 52.94422601200006, 52.94422601200006, 55.139187377999974, 55.139187377999974, 55.139187377999974, 54.54850245800003, 54.54850245800003, 54.54850245800003, 50.87222208800006, 50.87222208800006, 50.87222208800006, 53.77829354300002, 53.77829354300002, 53.77829354300002, 52.59331669300002, 52.59331669300002, 52.59331669300002, 53.74892458099998, 53.74892458099998, 53.74892458099998, 53.74892458099998, 53.71974757300006, 53.71974757300006, 53.71974757300006, 50.72634335500004, 50.72634335500004, 50.72634335500004, 50.668030100000124, 50.668030100000124, 50.668030100000124, 51.8527742350002, 51.8527742350002, 51.8527742350002, 53.57328667100012, 53.57328667100012, 53.57328667100012, 51.203984451, 51.203984451, 51.203984451, 52.35931326399998, 52.35931326399998, 52.35931326399998, 50.55121239899995, 50.55121239899995, 50.55121239899995, 58.75865021600009, 58.75865021600009, 58.75865021600009, 52.21308507700007, 52.21308507700007, 52.21308507700007, 52.15463213199996, 52.15463213199996, 52.15463213199996, 55.707468247000065, 55.707468247000065, 55.707468247000065, 52.15463213199996, 52.15463213199996, 52.15463213199996, 55.11727033500006, 55.11727033500006, 55.11727033500006, 56.832921907000014, 56.832921907000014, 56.832921907000014, 48.53973957100004, 48.53973957100004, 48.53973957100004, 56.77409686200008, 56.77409686200008, 56.77409686200008, 50.25964612400003, 50.25964612400003, 50.25964612400003, 51.41443989100003, 51.41443989100003, 51.41443989100003, 53.19244993500001, 53.19244993500001, 53.19244993500001, 51.920628703000034, 51.920628703000034, 51.920628703000034, 53.66922871899999, 53.66922871899999, 53.66922871899999, 47.746047510999915, 47.746047510999915, 47.746047510999915, 48.871496335000074, 48.871496335000074, 48.871496335000074, 57.69664933800004, 57.69664933800004, 57.69664933800004, 52.958074100999966, 52.958074100999966, 52.958074100999966, 51.180623275000016, 51.180623275000016, 51.180623275000016, 50.53236701100002, 50.53236701100002, 50.53236701100002, 52.840982161000056, 52.840982161000056, 52.840982161000056, 58.168616212000074, 58.168616212000074, 58.168616212000074, 54.02446969599987, 54.02446969599987, 54.02446969599987, 54.02446969599987], "power_mean": 52.523260880581226, "energy_millijoules": 6203.6625554462535, "energy_joules": 6.203662555446254, "coremark_score": 2116.850127, "coremarks_per_mhz": 3.2427238465073533, "ulpmark_cm_score": 40.29877475855334}, "idle": {"elapsed_sec": 5.0, "elapsed_ns": 5000000000, "power_samples": [698.2578096660001, 698.2578096660001, 698.2578096660001, 696.421016512], "power_mean": 697.7986113775, "energy_millijoules": 3488.9930568875, "energy_joules": 3.4889930568875003}}, "1036800": {"active": {"elapsed_sec": 74.279870076, "elapsed_ns": 74279870076, "power_samples": [15.050763034999932, 15.050763034999932, 15.050763034999932, 94.01349839500017, 94.01349839500017, 94.01349839500017, 92.76568110099993, 92.76568110099993, 92.76568110099993, 89.75086624300002, 89.75086624300002, 89.75086624300002, 90.27835669100011, 90.27835669100011, 90.27835669100011, 91.99144138300005, 91.99144138300005, 91.99144138300005, 92.58041007099996, 92.58041007099996, 92.58041007099996, 93.11144987799992, 93.11144987799992, 93.11144987799992, 88.31906612500006, 88.31906612500006, 88.31906612500006, 91.27506775400002, 91.27506775400002, 91.27506775400002, 93.58034322700007, 93.58034322700007, 93.58034322700007, 92.98763989300005, 92.98763989300005, 92.98763989300005, 89.38151692300005, 89.38151692300005, 89.38151692300005, 96.44288578300007, 96.44288578300007, 96.44288578300007, 95.19562953799993, 95.19562953799993, 95.19562953799993, 94.60691605799991, 94.60691605799991, 94.60691605799991, 92.83302938799989, 92.83302938799989, 92.83302938799989, 94.54497269299998, 94.54497269299998, 94.54497269299998, 91.59001866300014, 91.59001866300014, 91.59001866300014, 89.75470072300016, 89.75470072300016, 89.75470072300016, 92.05517176299998, 92.05517176299998, 92.05517176299998, 92.61661520799998, 92.61661520799998, 92.61661520799998, 89.04303076300005, 89.04303076300005, 89.04303076300005, 98.43185319199995, 98.43185319199995, 98.43185319199995, 88.3889513260001, 88.3889513260001], "power_mean": 89.2348740016892, "energy_millijoules": 6628.354847093704, "energy_joules": 6.628354847093704, "coremark_score": 3366.141997, "coremarks_per_mhz": 3.246664734760803, "ulpmark_cm_score": 37.716749595808984}, "idle": {"elapsed_sec": 5.0, "elapsed_ns": 5000000000, "power_samples": [701.713519626, 701.768621841, 701.768621841, 701.768621841], "power_mean": 701.7548462872501, "energy_millijoules": 3508.7742314362504, "energy_joules": 3.5087742314362504}}, "1401600": {"active": {"elapsed_sec": 54.931783261, "elapsed_ns": 54931783261, "power_samples": [27.014599442000076, 169.14574598499996, 169.14574598499996, 169.14574598499996, 169.95038761900003, 169.95038761900003, 169.95038761900003, 169.29100872100003, 169.29100872100003, 169.29100872100003, 169.81408451699997, 169.81408451699997, 169.81408451699997, 164.43843089899997, 164.43843089899997, 164.43843089899997, 162.60560770000006, 162.60560770000006, 162.60560770000006, 162.60560770000006, 166.66304332099992, 166.66304332099992, 166.66304332099992, 168.43196847700005, 168.43196847700005, 168.43196847700005, 167.772916387, 167.772916387, 167.772916387, 165.97036214700006, 165.97036214700006, 165.97036214700006, 170.617516216, 170.617516216, 170.617516216, 165.24793635900005, 165.24793635900005, 165.24793635900005, 167.60327689899998, 167.60327689899998, 167.60327689899998, 167.53515395499994, 167.53515395499994, 167.53515395499994, 167.46725363500002, 167.46725363500002, 167.46725363500002, 168.57674420499995, 168.57674420499995, 168.57674420499995, 166.15415512999994, 166.15415512999994, 166.15415512999994, 167.33145299499995], "power_mean": 164.7927488269074, "energy_millijoules": 9052.35956154409, "energy_joules": 9.05235956154409, "coremark_score": 4551.578487, "coremarks_per_mhz": 3.247416157962329, "ulpmark_cm_score": 27.61710892064441}, "idle": {"elapsed_sec": 5.0, "elapsed_ns": 5000000000, "power_samples": [718.953683214, 718.953683214, 718.953683214, 719.0102280790001], "power_mean": 718.96781943025, "energy_millijoules": 3594.83909715125, "energy_joules": 3.59483909715125}}, "1689600": {"active": {"elapsed_sec": 45.601575816, "elapsed_ns": 45601575816,