CPU,Frequency (kHz),CoreMarks (iter/s),CoreMarks/MHz,Power (mW),Energy (J),ULPMark-CM (iter/mJ),Time (s)
1,960000,3109.104702,3.23865073125,144.11781619024998,11.589537785224653,21.571179509740386,80.417106584
1,1094400,3552.751251,3.2463004851973682,276.0948149499714,19.429888677240335,12.866774697111028,70.37397164
1,1248000,4040.208152,3.2373462756410256,371.33349511350815,22.97913332969148,10.879435547596282,61.882737841
1,1344000,4363.991831,3.2470177313988096,435.7522365079999,24.965276991467302,10.013908521241149,57.292366854
1,1401000,4549.756133,3.2475061620271233,259.4324104836668,14.256550414201632,17.53579882486601,54.952850292
4,768000,2494.039246,3.2474469348958332,135.65692847162634,13.599357507702152,18.38322140280595,100.248160274
4,902400,2915.281908,3.230587220744681,210.2220331910588,18.029181435986867,13.866408793301698,85.762568092
4,998400,3218.621657,3.2237797045272436,193.82586453090917,15.056534997171909,16.604085870152588,77.680731793
4,1094400,3542.682236,3.237099996345029,342.24968020828567,24.15432823064121,10.350111897662302,70.575166691
