{"version": 1, "total_elapsed_sec": 725.6959941983223, "housekeeping": {"elapsed_sec": 5.0, "elapsed_ns": 5000000000, "power_samples": [1396.5544043619998, 1396.469099766, 1398.33293061, 1400.1109805699998, 1398.1620832739998, 1394.17476064, 1397.990885841, 1395.7863133889998, 1397.990885841, 1396.0422271769999, 1395.7010087929998, 1399.4262880649999, 1397.4783438329998, 1399.4262880649999, 1397.3071464, 1395.274136204, 1397.221722732, 1393.3225587200002, 1393.15218816, 1397.136299064, 1395.1888316079999, 1396.8800280599999, 1396.8800280599999, 1398.741244975, 1398.8271383, 1394.847263615, 1396.708830627, 1402.553434942, 1394.761959019], "power_mean": 1396.9810107142068, "energy_millijoules": 6984.905053571034, "energy_joules": 6.984905053571034}, "cpus": {"1": {"freqs": {"633600": {"active": {"elapsed_sec": 121.510326256, "elapsed_ns": 121510326256, "power_samples": [3.129524126999968, 48.984517304000065, 47.123610710999856, 47.123610710999856, 47.123610710999856, 41.20019326700003, 38.98806111800013, 38.98806111800013, 42.88150088700013, 46.682791770999984, 46.682791770999984, 33.41188340100007, 40.936773551000215, 40.936773551000215, 42.79357524300008, 38.81232723200014, 38.81232723200014, 40.760800544000176, 40.936773551000215, 40.936773551000215, 42.7052892480001, 42.61736360400005, 42.61736360400005, 46.50610286799997, 46.50610286799997, 46.50610286799997, 40.760800544000176, 46.59426665600017, 46.59426665600017, 46.32977529200025, 48.277890655999954, 48.277890655999954, 42.44151231600017, 50.22202214399999, 42.44151231600017, 42.44151231600017, 40.49738082800013, 40.40957425600004, 40.40957425600004, 42.44151231600017, 40.32176768399995, 40.32176768399995, 46.24161150400005, 40.40957425600004, 40.40957425600004, 40.40957425600004, 40.40957425600004, 40.40957425600004, 46.06528392799987, 46.15344771600007, 46.15344771600007, 46.24161150400005, 40.32176768399995, 40.32176768399995, 36.42999760800012, 612.1239795990002, 612.1239795990002, 37.93509529800008, 49.77964896000003, 49.77964896000003, 40.23396111200009, 42.00152374500021, 39.882374961000096, 39.882374961000096, 38.11046981000004, 35.904229618000045, 35.904229618000045, 45.71226744900014, 40.05798810500028, 40.05798810500028, 41.82567245699988, 39.61895524500005, 39.61895524500005, 41.73774681299983, 41.73774681299983, 41.73774681299983, 45.44777608499999, 37.8474080420001, 37.8474080420001, 45.624103660999936, 41.73774681299983, 41.73774681299983, 37.93509529800008, 41.561895524999954, 41.561895524999954, 47.57126400800007, 45.44777608499999, 45.44777608499999, 39.61895524500005, 41.561895524999954, 39.61895524500005, 39.61895524500005, 45.44777608499999, 45.44777608499999, 45.44777608499999, 39.44298223800001, 45.44777608499999, 45.44777608499999, 37.58398690000013, 41.385683885999924, 41.385683885999924, 41.473609529999976, 39.35517566600015, 39.35517566600015, 41.2977582420001, 39.530788810000104, 39.530788810000104, 39.61895524500005, 39.35517566600015, 39.35517566600015, 41.385683885999924, 45.18292339400023, 45.18292339400023, 37.496299644000146, 39.35517566600015, 39.35517566600015, 37.40861238800039, 47.129486671999985, 41.385683885999924, 41.385683885999924, 41.2977582420001], "power_mean": 51.25531325206617, "energy_millijoules": 6228.049835612041, "energy_joules": 6.22804983561204, "coremark_score": 2057.613169, "coremarks_per_mhz": 3.2474955318813135, "ulpmark_cm_score": 40.14097616407915}, "idle": {"elapsed_sec": 5.0, "elapsed_ns": 5000000000, "power_samples": [1398.5701594949999, 1398.313531275, 1398.313531275, 1398.313531275], "power_mean": 1398.37768833, "energy_millijoules": 6991.88844165, "energy_joules": 6.99188844165}}, "902400": {"active": {"elapsed_sec": 85.669409551, "elapsed_ns": 85669409551, "power_samples": [64.26327029999993, 64.26327029999993, 69.64463771500027, 67.70312727500004, 67.70312727500004, 73.44168601199999, 67.43434639099996, 67.70312727500004, 67.70312727500004, 69.55492501500021, 65.4931931670003, 65.4931931670003, 59.576273392000076, 65.4931931670003, 65.4931931670003, 67.61353364700017, 65.4931931670003, 65.4931931670003, 67.43434639099996, 73.081513008, 73.081513008, 67.43434639099996, 69.19570654000017, 69.19570654000017, 67.34438557599992, 73.17146409599991, 73.17146409599991, 65.22440280000001, 69.19570654000017, 69.19570654000017, 63.458340720000024, 67.25479194800027, 67.25479194800027, 68.92656844000021, 69.19570654000017, 63.27963023999996, 63.27963023999996, 68.92656844000021, 72.81165974400005, 72.81165974400005, 68.92656844000021, 72.81165974400005, 72.81165974400005, 74.9323574399998, 69.10599384000011, 69.10599384000011, 66.9860110640002, 68.83685573999992, 68.83685573999992, 66.9860110640002, 72.72170865599992, 72.72170865599992, 66.89641743600009, 66.9860110640002, 66.9860110640002, 69.10599384000011, 68.92656844000021, 68.92656844000021, 68.92656844000021, 64.95597913200004, 64.95597913200004, 63.1009197599999, 64.95597913200004, 64.95597913200004, 66.9860110640002, 64.95597913200004, 59.21980500799987, 59.21980500799987, 66.89641743600009, 63.01156452000009, 63.01156452000009, 631.7266839180002, 66.80682380800022, 66.80682380800022, 64.86650457600012, 64.86650457600012, 64.86650457600012, 66.80682380800022, 64.86650457600012, 64.86650457600012, 62.92220928000006, 64.86650457600012, 64.86650457600012, 68.38792456500028, 74.57207679999988], "power_mean": 74.03938381283538, "energy_millijoules": 6342.910294765475, "energy_joules": 6.342910294765475, "coremark_score": 2918.41285, "coremarks_per_mhz": 3.234056792996454, "ulpmark_cm_score": 39.414084132060644}, "idle": {"elapsed_sec": 5.0, "elapsed_ns": 5000000000, "power_samples": [1390.59523328, 1394.315567535, 1394.486764968, 1394.486764968], "power_mean": 1393.47108268775, "energy_millijoules": 6967.35541343875, "energy_joules": 6.967355413438749}}, "1113600": {"active": {"elapsed_sec": 69.269709557, "elapsed_ns": 69269709557, "power_samples": [93.4392536170003, 93.4392536170003, 87.43428522000022, 91.13073198799998, 91.13073198799998, 91.22187428400002, 87.3433810680001, 87.3433810680001, 85.31334938000009, 87.16157276400008, 87.16157276400008, 81.34057399400012, 85.22256430000016, 85.22256430000016, 85.22256430000016, 87.16157276400008, 87.16157276400008, 85.04099414000007, 86.97976446000007, 86.97976446000007, 87.16157276400008, 94.9215799980002, 87.25247691599998, 87.25247691599998, 87.25247691599998, 91.03958969199994, 91.03958969199994, 92.98257153400027, 85.22256430000016, 85.22256430000016, 91.03958969199994, 85.22256430000016, 85.22256430000016, 86.97976446000007, 90.85730510000008, 90.85730510000008, 90.85730510000008, 84.85905190999983, 84.85905190999983, 83.09825093000018, 90.85730510000008, 90.85730510000008, 90.85730510000008, 92.61715106300016, 92.61715106300016, 86.79758359800007, 92.61715106300016, 92.61715106300016, 92.52588945100001, 92.61715106300016, 86.79758359800007, 86.79758359800007, 86.79758359800007, 90.67464697399987, 90.67464697399987, 92.61715106300016, 86.70667944600018, 86.70667944600018, 90.67464697399987, 86.79758359800007, 86.79758359800007, 90.67464697399987, 86.79758359800007, 86.79758359800007, 90.67464697399987, 82.64455052900007, 82.64455052900007, 86.79758359800007, 86.79758359800007], "power_mean": 88.35512726085514, "energy_millijoules": 6120.334003231209, "energy_joules": 6.120334003231209, "coremark_score": 3609.430721, "coremarks_per_mhz": 3.2412272997485636, "ulpmark_cm_score": 40.847443925121304}, "idle": {"elapsed_sec": 5.0, "elapsed_ns": 5000000000, "power_samples": [1399.120432012, 1393.2047097539999, 1398.776955938, 1398.776955938], "power_mean": 1397.4697634105, "energy_millijoules": 6987.3488170525, "energy_joules": 6.987348817052499}}, "1401600": {"active": {"elapsed_sec": 54.930736281, "elapsed_ns": 54930736281,