{"version": 1, "total_elapsed_sec": 818.9853494788986, "housekeeping": {"elapsed_sec": 5.0, "elapsed_ns": 5000000000, "power_samples": [1526.5087775000002, 1526.5087775000002, 1526.5087775000002, 1526.5087775000002, 792.437515678, 792.437515678, 792.437515678, 792.437515678, 792.437515678, 792.437515678, 792.437515678, 792.437515678, 792.437515678, 792.437515678, 792.437515678, 792.437515678, 792.437515678, 792.437515678, 792.437515678, 785.68056112, 785.68056112, 785.68056112, 785.68056112, 785.68056112, 785.68056112, 785.68056112, 785.68056112, 785.68056112, 785.68056112], "power_mean": 891.3587398748276, "energy_millijoules": 4456.793699374138, "energy_joules": 4.4567936993741375}, "cpus": {"1": {"freqs": {"960000": {"active": {"elapsed_sec": 80.417106584, "elapsed_ns": 80417106584, "power_samples": [-1.639137470000037, -1.639137470000037, -1.639137470000037, -1.639137470000037, -1.639137470000037, -1.639137470000037, -1.639137470000037, -1.639137470000037, -1.639137470000037, -1.639137470000037, -1.639137470000037, -1.639137470000037, -1.639137470000037, -1.639137470000037, -1.639137470000037, -1.639137470000037, -1.639137470000037, -1.639137470000037, -1.639137470000037, -1.639137470000037, -1.639137470000037, -1.639137470000037, -1.639137470000037, -1.639137470000037, -1.639137470000037, -1.639137470000037, -1.639137470000037, -1.639137470000037, -1.639137470000037, -1.639137470000037, 232.918738448, 232.918738448, 232.918738448, 232.918738448, 232.918738448, 232.918738448, 232.918738448, 232.918738448, 232.918738448, 232.918738448, 232.918738448, 232.918738448, 232.918738448, 232.918738448, 232.918738448, 232.918738448, 232.918738448, 232.918738448, 232.918738448, 232.918738448, 232.918738448, 232.918738448, 232.918738448, 232.918738448, 232.918738448, 232.918738448, 232.918738448, 232.918738448, 232.918738448, 232.918738448, 229.551863294, 229.551863294, 229.551863294, 229.551863294, 229.551863294, 229.551863294, 229.551863294, 229.551863294, 229.551863294, 229.551863294, 229.551863294, 229.551863294, 229.551863294, 229.551863294, 229.551863294, 229.551863294, 229.551863294, 229.551863294, 229.551863294, 229.551863294], "power_mean": 144.11781619024998, "energy_millijoules": 11589.537785224653, "energy_joules": 11.589537785224653, "coremark_score": 3109.104702, "coremarks_per_mhz": 3.23865073125, "ulpmark_cm_score": 21.571179509740386}, "idle": {"elapsed_sec": 5.0, "elapsed_ns": 5000000000, "power_samples": [785.68056112, 785.68056112, 785.68056112, 785.68056112], "power_mean": 785.68056112, "energy_millijoules": 3928.4028055999997, "energy_joules": 3.9284028055999998}}, "1094400": {"active": {"elapsed_sec": 70.37397164, "elapsed_ns": 70373971640, "power_samples": [229.551863294, 273.60351967999986, 273.60351967999986, 273.60351967999986, 273.60351967999986, 273.60351967999986, 273.60351967999986, 273.60351967999986, 273.60351967999986, 273.60351967999986, 273.60351967999986, 273.60351967999986, 273.60351967999986, 273.60351967999986, 273.60351967999986, 273.60351967999986, 273.60351967999986, 273.60351967999986, 273.60351967999986, 273.60351967999986, 273.60351967999986, 273.60351967999986, 273.60351967999986, 273.60351967999986, 273.60351967999986, 273.60351967999986, 273.60351967999986, 273.60351967999986, 273.60351967999986, 273.60351967999986, 273.60351967999986, 279.030923366, 279.030923366, 279.030923366, 279.030923366, 279.030923366, 279.030923366, 279.030923366, 279.030923366, 279.030923366, 279.030923366, 279.030923366, 279.030923366, 279.030923366, 279.030923366, 279.030923366, 279.030923366, 279.030923366, 279.030923366, 279.030923366, 279.030923366, 279.030923366, 279.030923366, 279.030923366, 279.030923366, 279.030923366, 279.030923366, 279.030923366, 279.030923366, 279.030923366, 279.030923366, 279.78354353600025, 279.78354353600025, 279.78354353600025, 279.78354353600025, 279.78354353600025, 279.78354353600025, 279.78354353600025, 279.78354353600025, 279.78354353600025], "power_mean": 276.0948149499714, "energy_millijoules": 19429.888677240335, "energy_joules": 19.429888677240335, "coremark_score": 3552.751251, "coremarks_per_mhz": 3.2463004851973682, "ulpmark_cm_score": 12.866774697111028}, "idle": {"elapsed_sec": 5.0, "elapsed_ns": 5000000000, "power_samples": [1015.232424414, 1015.232424414, 1015.232424414, 1015.232424414], "power_mean": 1015.232424414, "energy_millijoules": 5076.16212207, "energy_joules": 5.0761621220699995}}, "1248000": {"active": {"elapsed_sec": 61.882737841, "elapsed_ns": 61882737841, "power_samples": [279.78354353600025, 279.78354353600025, 279.78354353600025, 279.78354353600025, 279.78354353600025, 279.78354353600025, 279.78354353600025, 279.78354353600025, 279.78354353600025, 279.78354353600025, 279.78354353600025, 279.78354353600025, 394.28890009999986, 394.28890009999986, 394.28890009999986, 394.28890009999986, 394.28890009999986, 394.28890009999986, 394.28890009999986, 394.28890009999986, 394.28890009999986, 394.28890009999986, 394.28890009999986, 394.28890009999986, 394.28890009999986, 394.28890009999986, 394.28890009999986, 394.28890009999986, 394.28890009999986, 394.28890009999986, 394.28890009999986, 394.28890009999986, 394.28890009999986, 394.28890009999986, 394.28890009999986, 394.28890009999986, 394.28890009999986, 394.28890009999986, 394.28890009999986, 394.28890009999986, 394.28890009999986, 394.28890009999986, 392.9091408679999, 392.9091408679999, 392.9091408679999, 392.9091408679999, 392.9091408679999, 392.9091408679999, 392.9091408679999, 392.9091408679999, 392.9091408679999, 392.9091408679999, 392.9091408679999, 392.9091408679999, 392.9091408679999, 392.9091408679999, 392.9091408679999, 392.9091408679999, 392.9091408679999, 392.9091408679999, 392.9091408679999], "power_mean": 371.33349511350815, "energy_millijoules": 22979.133329691478, "energy_joules": 22.97913332969148, "coremark_score": 4040.208152, "coremarks_per_mhz": 3.2373462756410256, "ulpmark_cm_score": 10.879435547596282}, "idle": {"elapsed_sec": 5.0, "elapsed_ns": 5000000000, "power_samples": [1065.4641046560002, 1065.4641046560002, 1065.4641046560002, 1065.4641046560002], "power_mean": 1065.4641046560002, "energy_millijoules": 5327.320523280001, "energy_joules": 5.327320523280001}}, "1344000": {"active": {"elapsed_sec": 57.292366854, "elapsed_ns": 57292366854, "power_samples": [392.9091408679999, 392.9091408679999, 435.6527241739998, 435.6527241739998, 435.6527241739998, 435.6527241739998, 435.6527241739998, 435.6527241739998, 435.6527241739998, 435.6527241739998, 435.6527241739998, 435.6527241739998, 435.6527241739998, 435.6527241739998, 435.6527241739998, 435.6527241739998, 435.6527241739998, 435.6527241739998, 435.6527241739998, 435.6527241739998, 435.6527241739998, 435.6527241739998, 435.6527241739998, 435.6527241739998, 435.6527241739998, 435.6527241739998, 435.6527241739998, 435.6527241739998, 435.6527241739998, 435.6527241739998, 435.6527241739998, 435.6527241739998, 439.29909896000004, 439.29909896000004, 439.29909896000004, 439.29909896000004, 439.29909896000004, 439.29909896000004, 439.29909896000004, 439.29909896000004, 439.29909896000004, 439.29909896000004, 439.29909896000004, 439.29909896000004, 439.29909896000004, 439.29909896000004, 439.29909896000004, 439.29909896000004, 439.29909896000004, 439.29909896000004, 439.29909896000004, 439.29909896000004, 439.29909896000004, 439.29909896000004, 439.29909896000004, 439.29909896000004, 439.29909896000004], "power_mean": 435.7522365079999, "energy_millijoules": 24965.2769914673, "energy_joules": 24.965276991467302, "coremark_score": 4363.991831, "coremarks_per_mhz": 3.2470177313988096, "ulpmark_cm_score": 10.013908521241149}, "idle": {"elapsed_sec": 5.0, "elapsed_ns": 5000000000, "power_samples": [1178.589701988, 1178.589701988, 1178.589701988, 1178.589701988], "power_mean": 1178.589701988, "energy_millijoules": 5892.948509939999, "energy_joules": 5.892948509939999}}, "1401000": {"active": {"elapsed_sec": 54.952850292, "elapsed_ns": 54952850292,