CPU,Frequency (kHz),CoreMarks (iter/s),CoreMarks/MHz,Power (mW),Energy (J),ULPMark-CM (iter/mJ),Time (s)
1,960000,3117.401334,3.24729305625,213.65327848101265,17.135676150785386,14.589444723401924,80.203197782
1,1094400,3553.761301,3.2472234110014617,265.8013142857142,18.699916396033107,13.369043727544877,70.352986953
1,1248000,4052.783452,3.247422637820513,380.12227868852455,23.450328434839466,10.660831497292904,61.691539143
1,1401000,4551.495621,3.2487477665952893,477.6627407407407,26.238957125692504,9.527817694980206,54.931973729
