{"version": 1, "total_elapsed_sec": 383.1871738121845, "housekeeping": {"elapsed_sec": 5.0, "elapsed_ns": 5000000000, "power_samples": [553.74, 553.74, 553.872, 549.676, 549.676, 549.676, 549.676, 549.676, 549.676, 549.676, 549.807, 549.676, 549.807, 549.807, 549.807, 549.807, 549.807, 549.807, 549.807, 549.807, 549.807, 549.807, 549.807, 549.938, 549.807, 549.938, 549.938, 549.938, 550.069], "power_mean": 550.2093793103448, "energy_millijoules": 2751.0468965517243, "energy_joules": 2.7510468965517245}, "cpus": {"1": {"freqs": {"960000": {"active": {"elapsed_sec": 80.203197782, "elapsed_ns": 80203197782, "power_samples": [92.61799999999994, 211.99399999999991, 215.99599999999998, 211.812, 215.99599999999998, 211.812, 215.99599999999998, 215.813, 215.813, 215.813, 215.813, 215.813, 215.813, 215.813, 215.63, 215.813, 215.63, 215.63, 215.63, 215.63, 215.63, 215.813, 215.63, 211.44799999999998, 215.63, 215.63, 215.63, 215.63, 215.63, 215.63, 215.63, 215.63, 215.63, 215.447, 215.447, 215.447, 215.447, 215.447, 215.447, 215.447, 215.447, 215.447, 215.447, 215.447, 215.447, 215.447, 215.447, 215.447, 215.447, 215.447, 215.447, 211.26599999999996, 215.447, 215.264, 215.447, 215.447, 215.447, 215.264, 215.447, 211.26599999999996, 215.264, 215.447, 215.264, 219.44399999999996, 215.264, 215.264, 215.264, 215.264, 215.264, 215.264, 215.264, 215.264, 215.264, 215.264, 215.264, 215.264, 215.264, 211.08399999999995, 215.264], "power_mean": 213.65327848101265, "energy_millijoules": 17135.676150785384, "energy_joules": 17.135676150785386, "coremark_score": 3117.401334, "coremarks_per_mhz": 3.24729305625, "ulpmark_cm_score": 14.589444723401924}, "idle": {"elapsed_sec": 5.0, "elapsed_ns": 5000000000, "power_samples": [549.938, 554.136, 549.938, 554.136], "power_mean": 552.037, "energy_millijoules": 2760.1850000000004, "energy_joules": 2.7601850000000003}}, "1094400": {"active": {"elapsed_sec": 70.352986953, "elapsed_ns": 70352986953, "power_samples": [45.87199999999996, 269.6039999999999, 269.01599999999996, 264.83899999999994, 268.81999999999994, 268.81999999999994, 268.81999999999994, 268.81999999999994, 268.81999999999994, 268.81999999999994, 272.799, 268.81999999999994, 268.6239999999999, 268.6239999999999, 268.81999999999994, 268.6239999999999, 268.6239999999999, 268.6239999999999, 268.6239999999999, 268.6239999999999, 272.799, 268.428, 272.799, 272.799, 272.799, 268.6239999999999, 276.97399999999993, 268.428, 272.602, 268.6239999999999, 272.799, 268.428, 268.6239999999999, 268.428, 268.428, 264.2539999999999, 268.428, 268.428, 268.428, 268.428, 268.428, 268.428, 268.428, 268.428, 268.428, 268.428, 272.602, 268.23199999999997, 272.602, 268.23199999999997, 272.405, 272.405, 272.405, 268.23199999999997, 268.23199999999997, 264.05899999999997, 268.23199999999997, 268.23199999999997, 272.405, 264.2539999999999, 268.428, 264.05899999999997, 268.23199999999997, 264.05899999999997, 268.23199999999997, 268.23199999999997, 268.23199999999997, 268.23199999999997, 268.428, 264.2539999999999], "power_mean": 265.8013142857142, "energy_millijoules": 18699.916396033106, "energy_joules": 18.699916396033107, "coremark_score": 3553.761301, "coremarks_per_mhz": 3.2472234110014617, "ulpmark_cm_score": 13.369043727544877}, "idle": {"elapsed_sec": 5.0, "elapsed_ns": 5000000000, "power_samples": [553.608, 557.935, 557.802, 557.935], "power_mean": 556.8199999999999, "energy_millijoules": 2784.0999999999995, "energy_joules": 2.7840999999999996}}, "1248000": {"active": {"elapsed_sec": 61.691539143, "elapsed_ns": 61691539143, "power_samples": [343.98799999999994, 379.342, 379.342, 379.1189999999999, 379.342, 379.1189999999999, 383.284, 379.1189999999999, 383.284, 378.89599999999996, 383.284, 379.1189999999999, 383.284, 379.1189999999999, 383.05999999999995, 379.1189999999999, 383.05999999999995, 378.89599999999996, 383.05999999999995, 378.89599999999996, 383.05999999999995, 378.673, 382.8359999999999, 378.89599999999996, 383.05999999999995, 378.673, 382.8359999999999, 378.673, 382.61199999999997, 378.673, 382.8359999999999, 378.44999999999993, 382.61199999999997, 378.673, 382.8359999999999, 378.44999999999993, 382.61199999999997, 378.44999999999993, 382.61199999999997, 378.44999999999993, 382.61199999999997, 378.44999999999993, 382.61199999999997, 378.227, 382.3879999999999, 378.44999999999993, 382.3879999999999, 378.44999999999993, 386.549, 382.3879999999999, 382.3879999999999, 378.227, 382.3879999999999, 378.227, 382.61199999999997, 378.227, 382.3879999999999, 378.0039999999999, 382.3879999999999, 378.227, 382.164], "power_mean": 380.12227868852455, "energy_millijoules": 23450.328434839466, "energy_joules": 23.450328434839466, "coremark_score": 4052.783452, "coremarks_per_mhz": 3.247422637820513, "ulpmark_cm_score": 10.660831497292904}, "idle": {"elapsed_sec": 5.0, "elapsed_ns": 5000000000, "power_samples": [561.594, 565.785, 565.785, 565.785], "power_mean": 564.73725, "energy_millijoules": 2823.68625, "energy_joules": 2.82368625}}, "1401000": {"active": {"elapsed_sec": 54.931973729, "elapsed_ns": 54931973729, "power_samples": [333.78099999999995, 477.10299999999995, 485.168, 480.51599999999996, 480.51599999999996, 480.51599999999996, 480.51599999999996, 480.51599999999996, 480.2679999999999, 480.51599999999996, 480.2679999999999, 480.2679999999999, 480.2679999999999, 480.2679999999999, 480.2679999999999, 480.2679999999999, 480.2679999999999, 480.2679999999999, 480.2679999999999, 480.2679999999999, 480.01999999999987, 480.01999999999987, 484.1719999999999, 480.01999999999987, 480.01999999999987, 480.01999999999987, 480.01999999999987, 480.01999999999987, 484.1719999999999, 480.01999999999987, 479.524, 479.524, 479.77200000000005, 479.524, 479.77200000000005, 479.524, 479.524, 479.524, 479.77200000000005, 479.524, 479.524, 479.524, 483.42500000000007, 479.27599999999995, 483.42500000000007, 479.27599999999995, 479.27599999999995, 479.524, 479.27599999999995, 479.27599999999995, 483.42500000000007, 479.27599999999995, 483.42500000000007, 479.27599999999995], "power_mean": 477.6627407407407, "energy_millijoules": 26238.957125692505, "energy_joules": 26.238957125692504, "coremark_score": 4551.495621, "coremarks_per_mhz": 3.2487477665952893, "ulpmark_cm_score": 9.527817694980206}, "idle": {"elapsed_sec": 5.0, "elapsed_ns": 5000000000, "power_samples": [569.432, 573.482, 573.619, 573.756], "power_mean": 572.5722499999999, "energy_millijoules": 2862.86125, "energy_joules": 2.86286125}}}}}, "meta": {"housekeeping_cpu": 0, "power_sample_interval": 1000, "cpu_count": 4}}